"File","Address","Printed","Calculated","Source","Result","FinalRowPadding"
"BP.ML","C000","9F","9F","OCR","MATCH",""
"BP.ML","C008","1D","1D","OCR","MATCH",""
"BP.ML","C010","B3","B3","OCR","MATCH",""
"BP.ML","C018","9B","9B","OCR","MATCH",""
"BP.ML","C020","CE","CE","OCR","MATCH",""
"BP.ML","C028","4E","4E","OCR","MATCH",""
"BP.ML","C030","AF","AF","OCR","MATCH",""
"BP.ML","C038","EA","EA","OCR","MATCH",""
"BP.ML","C040","56","56","OCR","MATCH",""
"BP.ML","C048","9E","9E","OCR","MATCH",""
"BP.ML","C050","C7","C7","OCR","MATCH",""
"BP.ML","C058","AA","AA","OCR","MATCH",""
"BP.ML","C060","54","54","OCR","MATCH",""
"BP.ML","C068","B7","B7","OCR","MATCH",""
"BP.ML","C070","0D","0D","Scan reviewed","MATCH",""
"BP.ML","C078","41","41","OCR","MATCH",""
"BP.ML","C080","20","20","OCR","MATCH",""
"BP.ML","C088","E6","E6","OCR","MATCH",""
"BP.ML","C090","72","72","OCR","MATCH",""
"BP.ML","C098","0F","0F","OCR","MATCH",""
"BP.ML","C0A0","7D","7D","OCR","MATCH",""
"BP.ML","C0A8","BE","BE","OCR","MATCH",""
"BP.ML","C0B0","C7","C7","OCR","MATCH",""
"BP.ML","C0B8","38","38","OCR","MATCH",""
"BP.ML","C0C0","14","14","OCR","MATCH",""
"BP.ML","C0C8","BC","BC","OCR","MATCH",""
"BP.ML","C0D0","41","41","OCR","MATCH",""
"BP.ML","C0D8","23","23","OCR","MATCH",""
"BP.ML","C0E0","EE","EE","OCR","MATCH",""
"BP.ML","C0E8","E8","E8","OCR","MATCH",""
"BP.ML","C0F0","44","44","OCR","MATCH",""
"BP.ML","C0F8","E3","E3","OCR","MATCH",""
"BP.ML","C100","A1","A1","Scan reviewed","MATCH",""
"BP.ML","C108","93","93","OCR","MATCH",""
"BP.ML","C110","E2","E2","OCR","MATCH",""
"BP.ML","C118","82","82","OCR","MATCH",""
"BP.ML","C120","1E","1E","OCR","MATCH",""
"BP.ML","C128","69","69","OCR","MATCH",""
"BP.ML","C130","AC","AC","OCR","MATCH",""
"BP.ML","C138","BE","BE","OCR","MATCH",""
"BP.ML","C140","DC","DC","OCR","MATCH",""
"BP.ML","C148","77","77","OCR","MATCH",""
"BP.ML","C150","4D","4D","OCR","MATCH",""
"BP.ML","C158","73","73","OCR","MATCH",""
"BP.ML","C160","7F","7F","OCR","MATCH",""
"BP.ML","C168","12","12","OCR","MATCH",""
"BP.ML","C170","12","12","OCR","MATCH",""
"BP.ML","C178","BA","BA","OCR","MATCH",""
"BP.ML","C180","59","59","OCR","MATCH",""
"BP.ML","C188","F0","F0","Scan reviewed","MATCH",""
"BP.ML","C190","63","63","OCR","MATCH",""
"BP.ML","C198","4D","4D","OCR","MATCH",""
"BP.ML","C1A0","D4","D4","OCR","MATCH",""
"BP.ML","C1A8","29","29","OCR","MATCH",""
"BP.ML","C1B0","21","21","OCR","MATCH",""
"BP.ML","C1B8","C3","C3","OCR","MATCH",""
"BP.ML","C1C0","4B","4B","OCR","MATCH",""
"BP.ML","C1C8","17","17","OCR","MATCH",""
"BP.ML","C1D0","89","89","OCR","MATCH",""
"BP.ML","C1D8","7D","7D","OCR","MATCH",""
"BP.ML","C1E0","A8","A8","OCR","MATCH",""
"BP.ML","C1E8","8A","8A","OCR","MATCH",""
"BP.ML","C1F0","F4","F4","OCR","MATCH",""
"BP.ML","C1F8","C4","C4","OCR","MATCH",""
"BP.ML","C200","F4","F4","OCR","MATCH",""
"BP.ML","C208","E7","E7","OCR","MATCH",""
"BP.ML","C210","4A","4A","OCR","MATCH",""
"BP.ML","C218","B0","B0","Scan reviewed","MATCH",""
"BP.ML","C220","D1","D1","OCR","MATCH",""
"BP.ML","C228","0F","0F","OCR","MATCH",""
"BP.ML","C230","59","59","OCR","MATCH",""
"BP.ML","C238","6F","6F","OCR","MATCH",""
"BP.ML","C240","B2","B2","OCR","MATCH",""
"BP.ML","C248","F4","F4","OCR","MATCH",""
"BP.ML","C250","B5","B5","OCR","MATCH",""
"BP.ML","C258","1B","1B","OCR","MATCH",""
"BP.ML","C260","3B","3B","OCR","MATCH",""
"BP.ML","C268","28","28","OCR","MATCH",""
"BP.ML","C270","A1","A1","Scan reviewed","MATCH",""
"BP.ML","C278","EE","EE","OCR","MATCH",""
"BP.ML","C280","4D","4D","OCR","MATCH",""
"BP.ML","C288","14","14","OCR","MATCH",""
"BP.ML","C290","33","33","OCR","MATCH",""
"BP.ML","C298","B9","B9","OCR","MATCH",""
"BP.ML","C2A0","92","92","OCR","MATCH",""
"BP.ML","C2A8","9E","9E","OCR","MATCH",""
"BP.ML","C2B0","D7","D7","OCR","MATCH",""
"BP.ML","C2B8","6D","6D","OCR","MATCH",""
"BP.ML","C2C0","C8","C8","OCR","MATCH",""
"BP.ML","C2C8","9F","9F","OCR","MATCH",""
"BP.ML","C2D0","29","29","OCR","MATCH",""
"BP.ML","C2D8","94","94","OCR","MATCH",""
"BP.ML","C2E0","84","84","OCR","MATCH",""
"BP.ML","C2E8","1E","1E","OCR","MATCH",""
"BP.ML","C2F0","EF","EF","OCR","MATCH",""
"BP.ML","C2F8","8E","8E","Scan reviewed","MATCH",""
"BP.ML","C300","E9","E9","OCR","MATCH",""
"BP.ML","C308","85","85","OCR","MATCH",""
"BP.ML","C310","4F","4F","OCR","MATCH",""
"BP.ML","C318","85","85","OCR","MATCH",""
"BP.ML","C320","C7","C7","OCR","MATCH",""
"BP.ML","C328","06","06","OCR","MATCH",""
"BP.ML","C330","E8","E8","Scan reviewed","MATCH",""
"BP.ML","C338","73","73","OCR","MATCH",""
"BP.ML","C340","58","58","OCR","MATCH",""
"BP.ML","C348","8B","8B","OCR","MATCH",""
"BP.ML","C350","8A","8A","OCR","MATCH",""
"BP.ML","C358","E1","E1","OCR","MATCH",""
"BP.ML","C360","3C","3C","OCR","MATCH",""
"BP.ML","C368","1E","1E","OCR","MATCH",""
"BP.ML","C370","34","34","OCR","MATCH",""
"BP.ML","C378","C3","C3","OCR","MATCH",""
"BP.ML","C380","AE","AE","OCR","MATCH",""
"BP.ML","C388","07","07","OCR","MATCH",""
"BP.ML","C390","F8","F8","OCR","MATCH",""
"BP.ML","C398","F3","F3","OCR","MATCH",""
"BP.ML","C3A0","DA","DA","OCR","MATCH",""
"BP.ML","C3A8","7A","7A","OCR","MATCH",""
"BP.ML","C3B0","32","32","OCR","MATCH",""
"BP.ML","C3B8","21","21","OCR","MATCH",""
"BP.ML","C3C0","D5","D5","OCR","MATCH",""
"BP.ML","C3C8","80","80","OCR","MATCH",""
"BP.ML","C3D0","E6","E6","OCR","MATCH",""
"BP.ML","C3D8","E5","E5","OCR","MATCH",""
"BP.ML","C3E0","D3","D3","OCR","MATCH",""
"BP.ML","C3E8","2E","2E","OCR","MATCH",""
"BP.ML","C3F0","5B","5B","OCR","MATCH",""
"BP.ML","C3F8","51","51","OCR","MATCH",""
"BP.ML","C400","FC","FC","OCR","MATCH",""
"BP.ML","C408","E1","E1","OCR","MATCH",""
"BP.ML","C410","5D","5D","OCR","MATCH",""
"BP.ML","C418","D2","D2","OCR","MATCH",""
"BP.ML","C420","DE","DE","OCR","MATCH",""
"BP.ML","C428","08","08","OCR","MATCH",""
"BP.ML","C430","E1","E1","OCR","MATCH",""
"BP.ML","C438","30","30","OCR","MATCH",""
"BP.ML","C440","2D","2D","OCR","MATCH",""
"BP.ML","C448","46","46","OCR","MATCH",""
"BP.ML","C450","70","70","OCR","MATCH",""
"BP.ML","C458","EB","EB","OCR","MATCH",""
"BP.ML","C460","EA","EA","OCR","MATCH",""
"BP.ML","C468","29","29","OCR","MATCH",""
"BP.ML","C470","75","75","OCR","MATCH",""
"BP.ML","C478","6E","6E","OCR","MATCH",""
"BP.ML","C480","3D","3D","OCR","MATCH",""
"BP.ML","C488","9D","9D","OCR","MATCH",""
"BP.ML","C490","75","75","OCR","MATCH",""
"BP.ML","C498","0B","0B","OCR","MATCH",""
"BP.ML","C4A0","D1","D1","OCR","MATCH",""
"BP.ML","C4A8","17","17","OCR","MATCH",""
"BP.ML","C4B0","0B","0B","OCR","MATCH",""
"BP.ML","C4B8","65","65","OCR","MATCH",""
"BP.ML","C4C0","CD","CD","OCR","MATCH",""
"BP.ML","C4C8","96","96","OCR","MATCH",""
"BP.ML","C4D0","DF","DF","OCR","MATCH",""
"BP.ML","C4D8","AA","AA","OCR","MATCH",""
"BP.ML","C4E0","63","63","OCR","MATCH",""
"BP.ML","C4E8","9F","9F","OCR","MATCH",""
"BP.ML","C4F0","B4","B4","Scan reviewed","MATCH",""
"BP.ML","C4F8","B9","B9","OCR","MATCH",""
"BP.ML","C500","6D","6D","OCR","MATCH",""
"BP.ML","C508","14","14","OCR","MATCH",""
"BP.ML","C510","9C","9C","OCR","MATCH",""
"BP.ML","C518","59","59","OCR","MATCH",""
"BP.ML","C520","2C","2C","OCR","MATCH",""
"BP.ML","C528","D7","D7","OCR","MATCH",""
"BP.ML","C530","93","93","OCR","MATCH",""
"BP.ML","C538","36","36","OCR","MATCH",""
"BP.ML","C540","A1","A1","Scan reviewed","MATCH",""
"BP.ML","C548","17","17","OCR","MATCH",""
"BP.ML","C550","31","31","OCR","MATCH",""
"BP.ML","C558","9F","9F","OCR","MATCH",""
"BP.ML","C560","73","73","OCR","MATCH",""
"BP.ML","C568","D5","D5","OCR","MATCH",""
"BP.ML","C570","7E","7E","OCR","MATCH",""
"BP.ML","C578","FC","FC","OCR","MATCH",""
"BP.ML","C580","A6","A6","OCR","MATCH",""
"BP.ML","C588","A1","A1","Scan reviewed","MATCH",""
"BP.ML","C590","F6","F6","OCR","MATCH",""
"BP.ML","C598","55","55","OCR","MATCH",""
"BP.ML","C5A0","2F","2F","OCR","MATCH",""
"BP.ML","C5A8","B1","B1","OCR","MATCH",""
"BP.ML","C5B0","AD","AD","OCR","MATCH",""
"BP.ML","C5B8","A7","A7","OCR","MATCH",""
"BP.ML","C5C0","0B","0B","Scan reviewed","MATCH",""
"BP.ML","C5C8","9F","9F","OCR","MATCH",""
"BP.ML","C5D0","CC","CC","OCR","MATCH",""
"BP.ML","C5D8","29","29","OCR","MATCH",""
"BP.ML","C5E0","E4","E4","OCR","MATCH",""
"BP.ML","C5E8","68","68","OCR","MATCH",""
"BP.ML","C5F0","51","51","OCR","MATCH",""
"BP.ML","C5F8","4C","4C","OCR","MATCH",""
"BP.ML","C600","6B","6B","OCR","MATCH",""
"BP.ML","C608","7B","7B","OCR","MATCH",""
"BP.ML","C610","7A","7A","OCR","MATCH",""
"BP.ML","C618","FD","FD","OCR","MATCH",""
"BP.ML","C620","F1","F1","OCR","MATCH",""
"BP.ML","C628","61","61","OCR","MATCH",""
"BP.ML","C630","73","73","OCR","MATCH",""
"BP.ML","C638","F6","F6","OCR","MATCH",""
"BP.ML","C640","F1","F1","OCR","MATCH",""
"BP.ML","C648","12","12","OCR","MATCH",""
"BP.ML","C650","6F","6F","OCR","MATCH",""
"BP.ML","C658","A8","A8","OCR","MATCH",""
"BP.ML","C660","D0","D0","Scan reviewed","MATCH",""
"BP.ML","C668","F9","F9","OCR","MATCH",""
"BP.ML","C670","BF","BF","OCR","MATCH",""
"BP.ML","C678","2B","2B","OCR","MATCH",""
"BP.ML","C680","0D","0D","OCR","MATCH",""
"BP.ML","C688","C5","C5","OCR","MATCH",""
"BP.ML","C690","D8","D8","OCR","MATCH",""
"BP.ML","C698","44","44","OCR","MATCH",""
"BP.ML","C6A0","C3","C3","OCR","MATCH",""
"BP.ML","C6A8","37","37","OCR","MATCH",""
"BP.ML","C6B0","6B","6B","OCR","MATCH",""
"BP.ML","C6B8","84","84","OCR","MATCH",""
"BP.ML","C6C0","0D","0D","Scan reviewed","MATCH",""
"BP.ML","C6C8","B5","B5","OCR","MATCH",""
"BP.ML","C6D0","AC","AC","OCR","MATCH",""
"BP.ML","C6D8","1C","1C","OCR","MATCH",""
"BP.ML","C6E0","BA","BA","OCR","MATCH",""
"BP.ML","C6E8","F5","F5","OCR","MATCH",""
"BP.ML","C6F0","A4","A4","OCR","MATCH",""
"BP.ML","C6F8","EE","EE","OCR","MATCH",""
"BP.ML","C700","54","54","OCR","MATCH",""
"BP.ML","C708","1B","1B","OCR","MATCH",""
"BP.ML","C710","75","75","OCR","MATCH",""
"BP.ML","C718","93","93","OCR","MATCH",""
"BP.ML","C720","AF","AF","OCR","MATCH",""
"BP.ML","C728","9D","9D","OCR","MATCH",""
"BP.ML","C730","30","30","OCR","MATCH",""
"BP.ML","C738","8F","8F","OCR","MATCH",""
"BP.ML","C740","AD","AD","OCR","MATCH",""
"BP.ML","C748","BD","BD","OCR","MATCH",""
"BP.ML","C750","41","41","OCR","MATCH",""
"BP.ML","C758","2D","2D","OCR","MATCH",""
"BP.ML","C760","12","12","OCR","MATCH",""
"BP.ML","C768","4D","4D","OCR","MATCH",""
"BP.ML","C770","F5","F5","OCR","MATCH",""
"BP.ML","C778","32","32","OCR","MATCH",""
"BP.ML","C780","C9","C9","OCR","MATCH",""
"BP.ML","C788","1A","1A","OCR","MATCH",""
"BP.ML","C790","54","54","OCR","MATCH",""
"BP.ML","C798","A8","A8","OCR","MATCH",""
"BP.ML","C7A0","EB","EB","OCR","MATCH",""
"BP.ML","C7A8","56","56","OCR","MATCH",""
"BP.ML","C7B0","3C","3C","OCR","MATCH",""
"BP.ML","C7B8","30","30","OCR","MATCH",""
"BP.ML","C7C0","2E","2E","OCR","MATCH",""
"BP.ML","C7C8","3E","3E","OCR","MATCH",""
"BP.ML","C7D0","7E","7E","OCR","MATCH",""
"BP.ML","C7D8","20","20","OCR","MATCH",""
"BP.ML","C7E0","5E","5E","OCR","MATCH",""
"BP.ML","C7E8","5E","5E","OCR","MATCH",""
"BP.ML","C7F0","96","96","OCR","MATCH",""
"BP.ML","C7F8","21","21","OCR","MATCH",""
"BP.ML","C800","B0","B0","Scan reviewed","MATCH",""
"BP.ML","C808","56","56","OCR","MATCH",""
"BP.ML","C810","E9","E9","OCR","MATCH",""
"BP.ML","C818","ED","ED","OCR","MATCH",""
"BP.ML","C820","FC","FC","OCR","MATCH",""
"BP.ML","C828","21","21","OCR","MATCH",""
"BP.ML","C830","FC","FC","OCR","MATCH",""
"BP.ML","C838","8B","8B","OCR","MATCH",""
"BP.ML","C840","12","12","OCR","MATCH",""
"BP.ML","C848","7B","7B","OCR","MATCH",""
"BP.ML","C850","57","57","OCR","MATCH",""
"BP.ML","C858","CD","CD","OCR","MATCH",""
"BP.ML","C860","A7","A7","OCR","MATCH",""
"BP.ML","C868","38","38","OCR","MATCH",""
"BP.ML","C870","F9","F9","OCR","MATCH",""
"BP.ML","C878","20","20","OCR","MATCH",""
"BP.ML","C880","D2","D2","OCR","MATCH",""
"BP.ML","C888","84","84","OCR","MATCH",""
"BP.ML","C890","E7","E7","OCR","MATCH",""
"BP.ML","C898","97","97","OCR","MATCH",""
"BP.ML","C8A0","04","04","OCR","MATCH",""
"BP.ML","C8A8","7B","7B","OCR","MATCH",""
"BP.ML","C8B0","B8","B8","OCR","MATCH",""
"BP.ML","C8B8","7E","7E","OCR","MATCH",""
"BP.ML","C8C0","28","28","OCR","MATCH",""
"BP.ML","C8C8","9D","9D","OCR","MATCH",""
"BP.ML","C8D0","90","90","OCR","MATCH",""
"BP.ML","C8D8","A6","A6","OCR","MATCH",""
"BP.ML","C8E0","0D","0D","OCR","MATCH",""
"BP.ML","C8E8","8B","8B","OCR","MATCH",""
"BP.ML","C8F0","03","03","OCR","MATCH",""
"BP.ML","C8F8","51","51","OCR","MATCH",""
"BP.ML","C900","2B","2B","OCR","MATCH",""
"BP.ML","C908","1B","1B","OCR","MATCH",""
"BP.ML","C910","E4","E4","OCR","MATCH",""
"BP.ML","C918","01","01","OCR","MATCH",""
"BP.ML","C920","E8","E8","Scan reviewed","MATCH",""
"BP.ML","C928","0F","0F","Scan reviewed","MATCH",""
"BP.ML","C930","19","19","OCR","MATCH",""
"BP.ML","C938","B1","B1","OCR","MATCH",""
"BP.ML","C940","54","54","OCR","MATCH",""
"BP.ML","C948","DC","DC","OCR","MATCH",""
"BP.ML","C950","A2","A2","OCR","MATCH",""
"BP.ML","C958","C1","C1","OCR","MATCH",""
"BP.ML","C960","17","17","OCR","MATCH",""
"BP.ML","C968","62","62","OCR","MATCH",""
"BP.ML","C970","6F","6F","OCR","MATCH",""
"BP.ML","C978","CA","CA","OCR","MATCH",""
"BP.ML","C980","3F","3F","OCR","MATCH",""
"BP.ML","C988","54","54","OCR","MATCH",""
"BP.ML","C990","D7","D7","OCR","MATCH",""
"BP.ML","C998","43","43","OCR","MATCH",""
"BP.ML","C9A0","4F","4F","OCR","MATCH",""
"BP.ML","C9A8","69","69","OCR","MATCH",""
"BP.ML","C9B0","04","04","OCR","MATCH",""
"BP.ML","C9B8","6F","6F","OCR","MATCH",""
"BP.ML","C9C0","87","87","OCR","MATCH",""
"BP.ML","C9C8","80","80","OCR","MATCH",""
"BP.ML","C9D0","D4","D4","OCR","MATCH",""
"BP.ML","C9D8","5A","5A","OCR","MATCH",""
"BP.ML","C9E0","3C","3C","OCR","MATCH",""
"BP.ML","C9E8","C0","C0","Scan reviewed","MATCH",""
"BP.ML","C9F0","85","85","OCR","MATCH",""
"BP.ML","C9F8","89","89","OCR","MATCH",""
"BP.ML","CA00","6A","6A","OCR","MATCH",""
"BP.ML","CA08","60","60","OCR","MATCH",""
"BP.ML","CA10","85","85","OCR","MATCH",""
"BP.ML","CA18","E9","E9","OCR","MATCH",""
"BP.ML","CA20","77","77","OCR","MATCH",""
"BP.ML","CA28","6F","6F","OCR","MATCH",""
"BP.ML","CA30","ED","ED","OCR","MATCH",""
"BP.ML","CA38","4E","4E","OCR","MATCH",""
"BP.ML","CA40","75","75","OCR","MATCH",""
"BP.ML","CA48","B4","B4","OCR","MATCH",""
"BP.ML","CA50","03","03","OCR","MATCH",""
"BP.ML","CA58","C9","C9","OCR","MATCH",""
"BP.ML","CA60","3E","3E","OCR","MATCH",""
"BP.ML","CA68","1C","1C","OCR","MATCH",""
"BP.ML","CA70","D6","D6","OCR","MATCH",""
"BP.ML","CA78","86","86","OCR","MATCH",""
"BP.ML","CA80","1C","1C","OCR","MATCH",""
"BP.ML","CA88","04","04","OCR","MATCH",""
"BP.ML","CA90","D9","D9","OCR","MATCH",""
"BP.ML","CA98","F7","F7","OCR","MATCH",""
"BP.ML","CAA0","AD","AD","OCR","MATCH",""
"BP.ML","CAA8","3F","3F","OCR","MATCH",""
"BP.ML","CAB0","9B","9B","OCR","MATCH",""
"BP.ML","CAB8","8F","8F","OCR","MATCH",""
"BP.ML","CAC0","92","92","OCR","MATCH",""
"BP.ML","CAC8","1E","1E","OCR","MATCH",""
"BP.ML","CAD0","5B","5B","OCR","MATCH",""
"BP.ML","CAD8","DD","DD","OCR","MATCH",""
"BP.ML","CAE0","81","81","OCR","MATCH",""
"BP.ML","CAE8","2F","2F","OCR","MATCH",""
"BP.ML","CAF0","B3","B3","OCR","MATCH",""
"BP.ML","CAF8","D0","D0","Scan reviewed","MATCH",""
"BP.ML","CB00","B2","B2","OCR","MATCH",""
"BP.ML","CB08","EE","EE","OCR","MATCH",""
"BP.ML","CB10","DE","DE","OCR","MATCH",""
"BP.ML","CB18","EE","EE","OCR","MATCH",""
"BP.ML","CB20","61","61","OCR","MATCH",""
"BP.ML","CB28","9D","9D","OCR","MATCH",""
"BP.ML","CB30","42","42","OCR","MATCH",""
"BP.ML","CB38","C6","C6","OCR","MATCH",""
"BP.ML","CB40","E3","E3","OCR","MATCH",""
"BP.ML","CB48","BD","BD","OCR","MATCH",""
"BP.ML","CB50","65","65","OCR","MATCH",""
"BP.ML","CB58","A3","A3","OCR","MATCH",""
"BP.ML","CB60","0F","0F","Scan reviewed","MATCH",""
"BP.ML","CB68","B0","B0","Scan reviewed","MATCH",""
"BP.ML","CB70","2E","2E","OCR","MATCH",""
"BP.ML","CB78","CE","CE","OCR","MATCH",""
"BP.ML","CB80","C7","C7","OCR","MATCH",""
"BP.ML","CB88","B7","B7","OCR","MATCH",""
"BP.ML","CB90","2B","2B","OCR","MATCH",""
"BP.ML","CB98","D7","D7","OCR","MATCH",""
"BP.ML","CBA0","80","80","OCR","MATCH",""
"BP.ML","CBA8","03","03","OCR","MATCH",""
"BP.ML","CBB0","59","59","OCR","MATCH",""
"BP.ML","CBB8","36","36","OCR","MATCH",""
"BP.ML","CBC0","7D","7D","OCR","MATCH",""
"BP.ML","CBC8","11","11","OCR","MATCH",""
"BP.ML","CBD0","66","66","OCR","MATCH",""
"BP.ML","CBD8","FF","FF","OCR","MATCH",""
"BP.ML","CBE0","3A","3A","OCR","MATCH",""
"BP.ML","CBE8","F7","F7","OCR","MATCH",""
"BP.ML","CBF0","C3","C3","OCR","MATCH",""
"BP.ML","CBF8","50","50","OCR","MATCH",""
"BP.ML","CC00","A6","A6","OCR","MATCH",""
"BP.ML","CC08","9B","9B","OCR","MATCH",""
"BP.ML","CC10","65","65","OCR","MATCH",""
"BP.ML","CC18","9F","9F","OCR","MATCH",""
"BP.ML","CC20","7C","7C","OCR","MATCH",""
"BP.ML","CC28","5D","5D","OCR","MATCH",""
"BP.ML","CC30","5D","5D","OCR","MATCH",""
"BP.ML","CC38","B3","B3","OCR","MATCH",""
"BP.ML","CC40","77","77","OCR","MATCH",""
"BP.ML","CC48","8D","8D","OCR","MATCH",""
"BP.ML","CC50","A4","A4","OCR","MATCH",""
"BP.ML","CC58","09","09","OCR","MATCH",""
"BP.ML","CC60","1A","1A","OCR","MATCH",""
"BP.ML","CC68","C7","C7","OCR","MATCH",""
"BP.ML","CC70","55","55","OCR","MATCH",""
"BP.ML","CC78","B4","B4","OCR","MATCH",""
"BP.ML","CC80","25","25","OCR","MATCH",""
"BP.ML","CC88","93","93","OCR","MATCH",""
"BP.ML","CC90","BA","BA","OCR","MATCH",""
"BP.ML","CC98","68","68","OCR","MATCH",""
"BP.ML","CCA0","D0","D0","Scan reviewed","MATCH",""
"BP.ML","CCA8","48","48","OCR","MATCH",""
"BP.ML","CCB0","D2","D2","OCR","MATCH",""
"BP.ML","CCB8","6F","6F","OCR","MATCH",""
"BP.ML","CCC0","E0","E0","Scan reviewed","MATCH",""
"BP.ML","CCC8","B9","B9","OCR","MATCH",""
"BP.ML","CCD0","AB","AB","OCR","MATCH",""
"BP.ML","CCD8","54","54","OCR","MATCH",""
"BP.ML","CCE0","D6","D6","OCR","MATCH",""
"BP.ML","CCE8","49","49","OCR","MATCH",""
"BP.ML","CCF0","C7","C7","OCR","MATCH",""
"BP.ML","CCF8","D2","D2","OCR","MATCH",""
"BP.ML","CD00","47","47","OCR","MATCH",""
"BP.ML","CD08","A7","A7","OCR","MATCH",""
"BP.ML","CD10","8D","8D","OCR","MATCH",""
"BP.ML","CD18","48","48","OCR","MATCH",""
"BP.ML","CD20","0F","0F","OCR","MATCH",""
"BP.ML","CD28","EA","EA","OCR","MATCH",""
"BP.ML","CD30","18","18","OCR","MATCH",""
"BP.ML","CD38","04","04","OCR","MATCH",""
"BP.ML","CD40","B1","B1","OCR","MATCH",""
"BP.ML","CD48","22","22","OCR","MATCH",""
"BP.ML","CD50","46","46","OCR","MATCH",""
"BP.ML","CD58","FB","FB","OCR","MATCH",""
"BP.ML","CD60","C3","C3","OCR","MATCH",""
"BP.ML","CD68","CC","CC","OCR","MATCH",""
"BP.ML","CD70","6E","6E","OCR","MATCH",""
"BP.ML","CD78","50","50","OCR","MATCH",""
"BP.ML","CD80","BC","BC","OCR","MATCH",""
"BP.ML","CD88","DC","DC","OCR","MATCH",""
"BP.ML","CD90","32","32","OCR","MATCH",""
"BP.ML","CD98","D0","D0","Scan reviewed","MATCH",""
"BP.ML","CDA0","57","57","OCR","MATCH",""
"BP.ML","CDA8","4A","4A","OCR","MATCH",""
"BP.ML","CDB0","19","19","OCR","MATCH",""
"BP.ML","CDB8","44","44","OCR","MATCH",""
"BP.ML","CDC0","A6","A6","OCR","MATCH",""
"BP.ML","CDC8","2B","2B","OCR","MATCH",""
"BP.ML","CDD0","71","71","OCR","MATCH",""
"BP.ML","CDD8","2E","2E","OCR","MATCH",""
"BP.ML","CDE0","02","02","OCR","MATCH",""
"BP.ML","CDE8","A7","A7","OCR","MATCH",""
"BP.ML","CDF0","37","37","OCR","MATCH",""
"BP.ML","CDF8","80","80","OCR","MATCH",""
"BP.ML","CE00","05","05","OCR","MATCH",""
"BP.ML","CE08","EA","EA","OCR","MATCH",""
"BP.ML","CE10","38","38","OCR","MATCH",""
"BP.ML","CE18","93","93","OCR","MATCH",""
"BP.ML","CE20","FC","FC","OCR","MATCH",""
"BP.ML","CE28","48","48","OCR","MATCH",""
"BP.ML","CE30","CC","CC","OCR","MATCH",""
"BP.ML","CE38","99","99","OCR","MATCH",""
"BP.ML","CE40","8F","8F","OCR","MATCH",""
"BP.ML","CE48","8A","8A","OCR","MATCH",""
"BP.ML","CE50","3F","3F","OCR","MATCH",""
"BP.ML","CE58","94","94","OCR","MATCH",""
"BP.ML","CE60","3A","3A","OCR","MATCH",""
"BP.ML","CE68","DD","DD","OCR","MATCH",""
"BP.ML","CE70","B2","B2","OCR","MATCH",""
"BP.ML","CE78","51","51","OCR","MATCH",""
"BP.ML","CE80","08","08","OCR","MATCH",""
"BP.ML","CE88","38","38","OCR","MATCH",""
"BP.ML","CE90","FB","FB","OCR","MATCH",""
"BP.ML","CE98","32","32","OCR","MATCH",""
"BP.ML","CEA0","AA","AA","OCR","MATCH",""
"BP.ML","CEA8","64","64","OCR","MATCH",""
"BP.ML","CEB0","41","41","OCR","MATCH",""
"BP.ML","CEB8","E3","E3","OCR","MATCH",""
"BP.ML","CEC0","3C","3C","OCR","MATCH",""
"BP.ML","CEC8","F8","F8","OCR","MATCH",""
"BP.ML","CED0","EB","EB","OCR","MATCH",""
"BP.ML","CED8","33","33","OCR","MATCH",""
"BP.ML","CEE0","9E","9E","OCR","MATCH",""
"BP.ML","CEE8","6A","6A","OCR","MATCH",""
"BP.ML","CEF0","D1","D1","OCR","MATCH",""
"BP.ML","CEF8","2C","2C","OCR","MATCH",""
"BP.ML","CF00","9D","9D","OCR","MATCH",""
"BP.ML","CF08","8D","8D","OCR","MATCH",""
"BP.ML","CF10","7D","7D","OCR","MATCH",""
"BP.ML","CF18","03","03","OCR","MATCH",""
"BP.ML","CF20","AD","AD","OCR","MATCH",""
"BP.ML","CF28","F2","F2","OCR","MATCH",""
"BP.ML","CF30","FD","FD","OCR","MATCH",""
"BP.ML","CF38","48","48","OCR","MATCH",""
"BP.ML","CF40","2B","2B","OCR","MATCH",""
"BP.ML","CF48","98","98","OCR","MATCH",""
"BP.ML","CF50","70","70","OCR","MATCH",""
"BP.ML","CF58","8F","8F","OCR","MATCH",""
"BP.ML","CF60","F6","F6","OCR","MATCH",""
"BP.ML","CF68","62","62","OCR","MATCH",""
"BP.ML","CF70","B2","B2","OCR","MATCH",""
"BP.ML","CF78","89","89","OCR","MATCH",""
"BP.ML","CF80","7B","7B","OCR","MATCH",""
"BP.ML","CF88","B3","B3","OCR","MATCH",""
"BP.ML","CF90","23","23","OCR","MATCH",""
"BP.ML","CF98","68","68","OCR","MATCH",""
"BP.ML","CFA0","56","56","OCR","MATCH",""
"BP.ML","CFA8","55","55","OCR","MATCH",""
"BP.ML","CFB0","7D","7D","OCR","MATCH",""
"BP.ML","CFB8","75","75","OCR","MATCH",""
"BP.ML","CFC0","8D","8D","OCR","MATCH",""
"BP.ML","CFC8","1D","1D","OCR","MATCH",""
"BP.ML","CFD0","02","02","OCR","MATCH",""
"BP.ML","CFD8","F3","F3","OCR","MATCH",""
"BP.ML","CFE0","FD","FD","OCR","MATCH",""
"BP.ML","CFE8","D9","D9","OCR","MATCH",""
"BP.ML","CFF0","A6","A6","OCR","MATCH",""
"BP.ML","CFF8","50","50","OCR","MATCH","1 missing zero byte supplied for checksum only"
"CL.ML","C000","90","90","OCR","MATCH",""
"CL.ML","C008","0A","0A","OCR","MATCH",""
"CL.ML","C010","05","05","OCR","MATCH",""
"CL.ML","C018","9B","9B","OCR","MATCH",""
"CL.ML","C020","CE","CE","OCR","MATCH",""
"CL.ML","C028","4E","4E","OCR","MATCH",""
"CL.ML","C030","D6","D6","OCR","MATCH",""
"CL.ML","C038","6A","6A","OCR","MATCH",""
"CL.ML","C040","FF","FF","OCR","MATCH",""
"CL.ML","C048","E8","E8","OCR","MATCH",""
"CL.ML","C050","6D","6D","OCR","MATCH",""
"CL.ML","C058","C3","C3","OCR","MATCH",""
"CL.ML","C060","75","75","OCR","MATCH",""
"CL.ML","C068","7E","7E","OCR","MATCH",""
"CL.ML","C070","B4","B4","OCR","MATCH",""
"CL.ML","C078","1F","1F","OCR","MATCH",""
"CL.ML","C080","60","60","OCR","MATCH",""
"CL.ML","C088","0A","0A","OCR","MATCH",""
"CL.ML","C090","9A","9A","OCR","MATCH",""
"CL.ML","C098","9E","9E","OCR","MATCH",""
"CL.ML","C0A0","AD","AD","OCR","MATCH",""
"CL.ML","C0A8","A1","A1","Scan reviewed","MATCH",""
"CL.ML","C0B0","0B","0B","OCR","MATCH",""
"CL.ML","C0B8","D3","D3","OCR","MATCH",""
"CL.ML","C0C0","57","57","OCR","MATCH",""
"CL.ML","C0C8","77","77","OCR","MATCH",""
"CL.ML","C0D0","93","93","OCR","MATCH",""
"CL.ML","C0D8","AF","AF","OCR","MATCH",""
"CL.ML","C0E0","D5","D5","OCR","MATCH",""
"CL.ML","C0E8","C2","C2","OCR","MATCH",""
"CL.ML","C0F0","6E","6E","OCR","MATCH",""
"CL.ML","C0F8","04","04","OCR","MATCH",""
"CL.ML","C100","F9","F9","OCR","MATCH",""
"CL.ML","C108","F7","F7","OCR","MATCH",""
"CL.ML","C110","2F","2F","OCR","MATCH",""
"CL.ML","C118","AD","AD","OCR","MATCH",""
"CL.ML","C120","5C","5C","OCR","MATCH",""
"CL.ML","C128","D8","D8","OCR","MATCH",""
"CL.ML","C130","CD","CD","OCR","MATCH",""
"CL.ML","C138","A0","A0","OCR","MATCH",""
"CL.ML","C140","E3","E3","OCR","MATCH",""
"CL.ML","C148","9C","9C","OCR","MATCH",""
"CL.ML","C150","24","24","OCR","MATCH",""
"CL.ML","C158","2D","2D","OCR","MATCH",""
"CL.ML","C160","2B","2B","OCR","MATCH",""
"CL.ML","C168","13","13","OCR","MATCH",""
"CL.ML","C170","33","33","OCR","MATCH",""
"CL.ML","C178","25","25","OCR","MATCH",""
"CL.ML","C180","9E","9E","OCR","MATCH",""
"CL.ML","C188","79","79","OCR","MATCH",""
"CL.ML","C190","C1","C1","OCR","MATCH",""
"CL.ML","C198","75","75","OCR","MATCH",""
"CL.ML","C1A0","80","80","OCR","MATCH",""
"CL.ML","C1A8","11","11","OCR","MATCH",""
"CL.ML","C1B0","A6","A6","OCR","MATCH",""
"CL.ML","C1B8","26","26","OCR","MATCH",""
"CL.ML","C1C0","FC","FC","OCR","MATCH",""
"CL.ML","C1C8","AF","AF","OCR","MATCH",""
"CL.ML","C1D0","FB","FB","OCR","MATCH",""
"CL.ML","C1D8","75","75","OCR","MATCH",""
"CL.ML","C1E0","E1","E1","OCR","MATCH",""
"CL.ML","C1E8","45","45","OCR","MATCH",""
"CL.ML","C1F0","3A","3A","OCR","MATCH",""
"CL.ML","C1F8","CD","CD","OCR","MATCH",""
"CL.ML","C200","F5","F5","OCR","MATCH",""
"CL.ML","C208","97","97","OCR","MATCH",""
"CL.ML","C210","6E","6E","OCR","MATCH",""
"CL.ML","C218","5D","5D","OCR","MATCH",""
"CL.ML","C220","A2","A2","OCR","MATCH",""
"CL.ML","C228","8C","8C","OCR","MATCH",""
"CL.ML","C230","97","97","OCR","MATCH",""
"CL.ML","C238","C3","C3","OCR","MATCH",""
"CL.ML","C240","28","28","OCR","MATCH",""
"CL.ML","C248","26","26","OCR","MATCH",""
"CL.ML","C250","DE","DE","OCR","MATCH",""
"CL.ML","C258","63","63","OCR","MATCH",""
"CL.ML","C260","DB","DB","OCR","MATCH",""
"CL.ML","C268","63","63","OCR","MATCH",""
"CL.ML","C270","0E","0E","OCR","MATCH",""
"CL.ML","C278","BA","BA","OCR","MATCH",""
"CL.ML","C280","E8","E8","OCR","MATCH",""
"CL.ML","C288","6B","6B","OCR","MATCH",""
"CL.ML","C290","56","56","OCR","MATCH",""
"CL.ML","C298","BF","BF","OCR","MATCH",""
"CL.ML","C2A0","E4","E4","OCR","MATCH",""
"CL.ML","C2A8","F0","F0","OCR","MATCH",""
"CL.ML","C2B0","89","89","OCR","MATCH",""
"CL.ML","C2B8","7E","7E","OCR","MATCH",""
"CL.ML","C2C0","6F","6F","Scan reviewed","MATCH",""
"CL.ML","C2C8","5A","5A","OCR","MATCH",""
"CL.ML","C2D0","6A","6A","OCR","MATCH",""
"CL.ML","C2D8","16","16","OCR","MATCH",""
"CL.ML","C2E0","14","14","OCR","MATCH",""
"CL.ML","C2E8","8E","8E","OCR","MATCH",""
"CL.ML","C2F0","34","34","OCR","MATCH",""
"CL.ML","C2F8","DF","DF","OCR","MATCH",""
"CL.ML","C300","54","54","OCR","MATCH",""
"CL.ML","C308","C2","C2","OCR","MATCH",""
"CL.ML","C310","94","94","OCR","MATCH",""
"CL.ML","C318","7C","7C","OCR","MATCH",""
"CL.ML","C320","19","19","OCR","MATCH",""
"CL.ML","C328","5D","5D","OCR","MATCH",""
"CL.ML","C330","B9","B9","OCR","MATCH",""
"CL.ML","C338","8D","8D","OCR","MATCH",""
"CL.ML","C340","AB","AB","OCR","MATCH",""
"CL.ML","C348","6F","6F","OCR","MATCH",""
"CL.ML","C350","90","90","OCR","MATCH",""
"CL.ML","C358","97","97","OCR","MATCH",""
"CL.ML","C360","26","26","OCR","MATCH",""
"CL.ML","C368","C4","C4","OCR","MATCH",""
"CL.ML","C370","A7","A7","OCR","MATCH",""
"CL.ML","C378","BA","BA","OCR","MATCH",""
"CL.ML","C380","26","26","OCR","MATCH",""
"CL.ML","C388","8D","8D","OCR","MATCH",""
"CL.ML","C390","97","97","OCR","MATCH",""
"CL.ML","C398","4D","4D","OCR","MATCH",""
"CL.ML","C3A0","66","66","OCR","MATCH",""
"CL.ML","C3A8","EE","EE","OCR","MATCH",""
"CL.ML","C3B0","97","97","OCR","MATCH",""
"CL.ML","C3B8","8E","8E","Scan reviewed","MATCH",""
"CL.ML","C3C0","97","97","OCR","MATCH",""
"CL.ML","C3C8","36","36","OCR","MATCH",""
"CL.ML","C3D0","D7","D7","OCR","MATCH",""
"CL.ML","C3D8","86","86","OCR","MATCH",""
"CL.ML","C3E0","8D","8D","OCR","MATCH",""
"CL.ML","C3E8","BB","BB","OCR","MATCH",""
"CL.ML","C3F0","14","14","OCR","MATCH",""
"CL.ML","C3F8","3F","3F","OCR","MATCH",""
"CL.ML","C400","9D","9D","OCR","MATCH",""
"CL.ML","C408","EB","EB","OCR","MATCH",""
"CL.ML","C410","1C","1C","OCR","MATCH",""
"CL.ML","C418","33","33","OCR","MATCH",""
"CL.ML","C420","13","13","OCR","MATCH",""
"CL.ML","C428","02","02","OCR","MATCH",""
"CL.ML","C430","E6","E6","OCR","MATCH",""
"CL.ML","C438","F0","F0","OCR","MATCH",""
"CL.ML","C440","A9","A9","OCR","MATCH",""
"CL.ML","C448","F7","F7","OCR","MATCH",""
"CL.ML","C450","40","40","OCR","MATCH",""
"CL.ML","C458","4D","4D","OCR","MATCH",""
"CL.ML","C460","AA","AA","OCR","MATCH",""
"CL.ML","C468","D3","D3","OCR","MATCH",""
"CL.ML","C470","F5","F5","OCR","MATCH",""
"CL.ML","C478","9B","9B","OCR","MATCH",""
"CL.ML","C480","B4","B4","OCR","MATCH",""
"CL.ML","C488","A9","A9","OCR","MATCH",""
"CL.ML","C490","A1","A1","Scan reviewed","MATCH",""
"CL.ML","C498","CA","CA","OCR","MATCH",""
"CL.ML","C4A0","5F","5F","OCR","MATCH",""
"CL.ML","C4A8","44","44","OCR","MATCH",""
"CL.ML","C4B0","F8","F8","OCR","MATCH",""
"CL.ML","C4B8","B3","B3","OCR","MATCH",""
"CL.ML","C4C0","FF","FF","OCR","MATCH",""
"CL.ML","C4C8","75","75","OCR","MATCH",""
"CL.ML","C4D0","F1","F1","OCR","MATCH",""
"CL.ML","C4D8","E9","E9","OCR","MATCH",""
"CL.ML","C4E0","1A","1A","OCR","MATCH",""
"CL.ML","C4E8","5E","5E","OCR","MATCH",""
"CL.ML","C4F0","58","58","OCR","MATCH",""
"CL.ML","C4F8","C2","C2","OCR","MATCH",""
"CL.ML","C500","2D","2D","OCR","MATCH",""
"CL.ML","C508","13","13","OCR","MATCH",""
"CL.ML","C510","24","24","OCR","MATCH",""
"CL.ML","C518","86","86","OCR","MATCH",""
"CL.ML","C520","B9","B9","OCR","MATCH",""
"CL.ML","C528","1F","1F","OCR","MATCH",""
"CL.ML","C530","85","85","OCR","MATCH",""
"CL.ML","C538","AB","AB","OCR","MATCH",""
"CL.ML","C540","27","27","OCR","MATCH",""
"CL.ML","C548","7B","7B","OCR","MATCH",""
"CL.ML","C550","BF","BF","OCR","MATCH",""
"CL.ML","C558","34","34","OCR","MATCH",""
"CL.ML","C560","C9","C9","OCR","MATCH",""
"CL.ML","C568","AF","AF","OCR","MATCH",""
"CL.ML","C570","E1","E1","OCR","MATCH",""
"CL.ML","C578","BF","BF","OCR","MATCH",""
"CL.ML","C580","3A","3A","OCR","MATCH",""
"CL.ML","C588","41","41","OCR","MATCH",""
"CL.ML","C590","DB","DB","OCR","MATCH",""
"CL.ML","C598","CB","CB","OCR","MATCH",""
"CL.ML","C5A0","CF","CF","OCR","MATCH",""
"CL.ML","C5A8","64","64","OCR","MATCH",""
"CL.ML","C5B0","48","48","OCR","MATCH",""
"CL.ML","C5B8","BE","BE","OCR","MATCH",""
"CL.ML","C5C0","90","90","OCR","MATCH",""
"CL.ML","C5C8","9A","9A","OCR","MATCH",""
"CL.ML","C5D0","9E","9E","OCR","MATCH",""
"CL.ML","C5D8","26","26","OCR","MATCH",""
"CL.ML","C5E0","D3","D3","OCR","MATCH",""
"CL.ML","C5E8","5C","5C","OCR","MATCH",""
"CL.ML","C5F0","BC","BC","OCR","MATCH",""
"CL.ML","C5F8","6D","6D","OCR","MATCH",""
"CL.ML","C600","F7","F7","OCR","MATCH",""
"CL.ML","C608","7E","7E","OCR","MATCH",""
"CL.ML","C610","56","56","OCR","MATCH",""
"CL.ML","C618","20","20","OCR","MATCH",""
"CL.ML","C620","4E","4E","OCR","MATCH",""
"CL.ML","C628","04","04","OCR","MATCH",""
"CL.ML","C630","3E","3E","OCR","MATCH",""
"CL.ML","C638","EF","EF","OCR","MATCH",""
"CL.ML","C640","4C","4C","OCR","MATCH",""
"CL.ML","C648","D8","D8","OCR","MATCH",""
"CL.ML","C650","C1","C1","OCR","MATCH",""
"CL.ML","C658","1A","1A","OCR","MATCH",""
"CL.ML","C660","99","99","OCR","MATCH",""
"CL.ML","C668","B8","B8","OCR","MATCH",""
"CL.ML","C670","0F","0F","OCR","MATCH",""
"CL.ML","C678","B2","B2","OCR","MATCH",""
"CL.ML","C680","49","49","OCR","MATCH",""
"CL.ML","C688","EB","EB","OCR","MATCH",""
"CL.ML","C690","61","61","OCR","MATCH",""
"CL.ML","C698","70","70","OCR","MATCH",""
"CL.ML","C6A0","FD","FD","OCR","MATCH",""
"CL.ML","C6A8","E5","E5","OCR","MATCH",""
"CL.ML","C6B0","9E","9E","OCR","MATCH",""
"CL.ML","C6B8","D9","D9","OCR","MATCH",""
"CL.ML","C6C0","24","24","OCR","MATCH",""
"CL.ML","C6C8","99","99","OCR","MATCH",""
"CL.ML","C6D0","1E","1E","OCR","MATCH",""
"CL.ML","C6D8","BA","BA","OCR","MATCH",""
"CL.ML","C6E0","C5","C5","OCR","MATCH",""
"CL.ML","C6E8","90","90","OCR","MATCH",""
"CL.ML","C6F0","C0","C0","OCR","MATCH",""
"CL.ML","C6F8","9D","9D","OCR","MATCH",""
"CL.ML","C700","64","64","OCR","MATCH",""
"CL.ML","C708","34","34","OCR","MATCH",""
"CL.ML","C710","14","14","OCR","MATCH",""
"CL.ML","C718","46","46","OCR","MATCH",""
"CL.ML","C720","E9","E9","OCR","MATCH",""
"CL.ML","C728","A8","A8","Scan reviewed","MATCH",""
"CL.ML","C730","F7","F7","OCR","MATCH",""
"CL.ML","C738","A4","A4","OCR","MATCH",""
"CL.ML","C740","3B","3B","OCR","MATCH",""
"CL.ML","C748","3A","3A","OCR","MATCH",""
"CL.ML","C750","20","20","OCR","MATCH",""
"CL.ML","C758","A2","A2","OCR","MATCH",""
"CL.ML","C760","16","16","OCR","MATCH",""
"CL.ML","C768","D3","D3","OCR","MATCH",""
"CL.ML","C770","2F","2F","OCR","MATCH",""
"CL.ML","C778","E9","E9","OCR","MATCH",""
"CL.ML","C780","13","13","OCR","MATCH",""
"CL.ML","C788","25","25","OCR","MATCH",""
"CL.ML","C790","2C","2C","OCR","MATCH",""
"CL.ML","C798","1E","1E","OCR","MATCH",""
"CL.ML","C7A0","9F","9F","OCR","MATCH",""
"CL.ML","C7A8","EB","EB","OCR","MATCH",""
"CL.ML","C7B0","BC","BC","OCR","MATCH",""
"CL.ML","C7B8","48","48","OCR","MATCH",""
"CL.ML","C7C0","6C","6C","OCR","MATCH",""
"CL.ML","C7C8","E8","E8","Scan reviewed","MATCH",""
"CL.ML","C7D0","E9","E9","Scan reviewed","MATCH",""
"CL.ML","C7D8","C2","C2","OCR","MATCH",""
"CL.ML","C7E0","8E","8E","OCR","MATCH",""
"CL.ML","C7E8","0C","0C","Scan reviewed","MATCH",""
"CL.ML","C7F0","9A","9A","OCR","MATCH",""
"CL.ML","C7F8","CA","CA","OCR","MATCH",""
"CL.ML","C800","A8","A8","OCR","MATCH",""
"CL.ML","C808","6E","6E","OCR","MATCH",""
"CL.ML","C810","3E","3E","OCR","MATCH",""
"CL.ML","C818","7D","7D","OCR","MATCH",""
"CL.ML","C820","50","50","OCR","MATCH",""
"CL.ML","C828","F3","F3","OCR","MATCH",""
"CL.ML","C830","B2","B2","OCR","MATCH",""
"CL.ML","C838","86","86","OCR","MATCH",""
"CL.ML","C840","D8","D8","OCR","MATCH",""
"CL.ML","C848","3E","3E","OCR","MATCH",""
"CL.ML","C850","DB","DB","OCR","MATCH",""
"CL.ML","C858","B8","B8","OCR","MATCH",""
"CL.ML","C860","35","35","OCR","MATCH",""
"CL.ML","C868","20","20","OCR","MATCH",""
"CL.ML","C870","EE","EE","OCR","MATCH",""
"CL.ML","C878","39","39","OCR","MATCH",""
"CL.ML","C880","F3","F3","OCR","MATCH",""
"CL.ML","C888","3F","3F","OCR","MATCH",""
"CL.ML","C890","2F","2F","OCR","MATCH",""
"CL.ML","C898","A9","A9","OCR","MATCH",""
"CL.ML","C8A0","28","28","OCR","MATCH",""
"CL.ML","C8A8","A9","A9","OCR","MATCH",""
"CL.ML","C8B0","F5","F5","OCR","MATCH",""
"CL.ML","C8B8","C6","C6","OCR","MATCH",""
"CL.ML","C8C0","39","39","OCR","MATCH",""
"CL.ML","C8C8","76","76","OCR","MATCH",""
"CL.ML","C8D0","F2","F2","OCR","MATCH",""
"CL.ML","C8D8","F3","F3","OCR","MATCH",""
"CL.ML","C8E0","E7","E7","OCR","MATCH",""
"CL.ML","C8E8","69","69","OCR","MATCH",""
"CL.ML","C8F0","47","47","OCR","MATCH",""
"CL.ML","C8F8","3B","3B","OCR","MATCH",""
"CL.ML","C900","D1","D1","OCR","MATCH",""
"CL.ML","C908","BA","BA","OCR","MATCH",""
"CL.ML","C910","B0","B0","Scan reviewed","MATCH",""
"CL.ML","C918","36","36","OCR","MATCH",""
"CL.ML","C920","5B","5B","OCR","MATCH",""
"CL.ML","C928","21","21","OCR","MATCH",""
"CL.ML","C930","98","98","OCR","MATCH",""
"CL.ML","C938","88","88","OCR","MATCH",""
"CL.ML","C940","EF","EF","OCR","MATCH",""
"CL.ML","C948","1F","1F","OCR","MATCH",""
"CL.ML","C950","6F","6F","OCR","MATCH",""
"CL.ML","C958","C6","C6","OCR","MATCH",""
"CL.ML","C960","55","55","OCR","MATCH",""
"CL.ML","C968","29","29","OCR","MATCH",""
"CL.ML","C970","21","21","OCR","MATCH",""
"CL.ML","C978","8B","8B","OCR","MATCH",""
"CL.ML","C980","17","17","OCR","MATCH",""
"CL.ML","C988","8B","8B","OCR","MATCH","2 missing zero bytes supplied for checksum only"
